source,target,weight
2009:C0,2010:C0,24.798097300000002
2009:C0,2010:C1,3.95982252
2009:C0,2010:C12,1.4207910400000001
2009:C0,2010:C16,2.4184817499999998
2009:C0,2010:C2,4.5540967299999995
2009:C0,2010:C3,4.24582295
2009:C0,2010:C4,2.03351846
2009:C0,2010:C5,3.5334417399999998
2009:C0,2010:C56,2.7965226
2009:C0,2010:C57,1.4676464999999999
2009:C0,2010:C6,3.43680468
2009:C1,2010:C0,10.815910689999999
2009:C1,2010:C1,1.5140501400000002
2009:C1,2010:C12,0.8630326
2009:C1,2010:C16,0.6957886
2009:C1,2010:C2,2.21154797
2009:C1,2010:C3,1.99908537
2009:C1,2010:C4,1.3180050300000001
2009:C1,2010:C5,2.74819644
2009:C1,2010:C56,0.6663569
2009:C1,2010:C57,0.6665188
2009:C1,2010:C6,1.4809880400000002
2009:C1,2010:C8,1.56215367
2009:C10,2010:C0,5.68495546
2009:C10,2010:C1,1.23708838
2009:C10,2010:C16,0.6776176
2009:C10,2010:C2,0.75316656
2009:C10,2010:C3,0.7388252
2009:C10,2010:C4,0.62724817
2009:C10,2010:C5,0.6663569
2009:C10,2010:C56,1.0000002
2009:C10,2010:C57,0.77263033
2009:C10,2010:C6,0.6427107
2009:C15,2010:C0,2.6146024800000003
2009:C15,2010:C1,0.6354205
2009:C15,2010:C2,0.6459111
2009:C15,2010:C3,0.67508453
2009:C15,2010:C5,0.6665188
2009:C15,2010:C56,0.77263033
2009:C15,2010:C57,1.0000002
2009:C2,2010:C0,9.17361309
2009:C2,2010:C1,1.53152883
2009:C2,2010:C16,0.7394084
2009:C2,2010:C2,1.0000001
2009:C2,2010:C3,0.88307893
2009:C2,2010:C30,0.6560001
2009:C2,2010:C4,0.77019215
2009:C2,2010:C5,1.4574036000000001
2009:C2,2010:C56,0.75316656
2009:C2,2010:C57,0.6459111
2009:C2,2010:C6,0.92417604
2009:C2,2010:C8,0.77066225
2009:C29,2010:C0,3.38222355
2009:C29,2010:C2,0.76169026
2009:C29,2010:C3,0.6774624
2009:C29,2010:C5,0.7919555
2009:C29,2010:C6,0.72086704
2009:C29,2010:C8,0.8845852
2009:C6,2010:C0,7.03682381
2009:C6,2010:C1,1.3621579000000001
2009:C6,2010:C16,0.60284364
2009:C6,2010:C2,0.92417604
2009:C6,2010:C3,0.88619924
2009:C6,2010:C4,0.6352906
2009:C6,2010:C5,0.74106824
2009:C6,2010:C56,0.6427107
2009:C6,2010:C6,0.9999999
2009:C6,2010:C8,0.7311425
2009:C8,2010:C0,3.23724166
2009:C8,2010:C2,0.77066225
2009:C8,2010:C3,0.7047286
2009:C8,2010:C5,0.76340127
2009:C8,2010:C6,0.7311425
2009:C8,2010:C8,0.9999999
2010:C0,2011:C0,77.59932706000001
2010:C0,2011:C10,5.68495559
2010:C0,2011:C11,5.21004036
2010:C0,2011:C2,12.0405035
2010:C0,2011:C20,6.316771709999999
2010:C0,2011:C3,8.80627442
2010:C0,2011:C32,4.23213623
2010:C0,2011:C33,2.6992790600000003
2010:C0,2011:C34,2.61460268
2010:C0,2011:C4,5.1988322799999995
2010:C0,2011:C45,0.61920583
2010:C0,2011:C5,4.94012457
2010:C0,2011:C6,7.03682358
2010:C0,2011:C69,3.38222356
2010:C0,2011:C7,2.10794857
2010:C0,2011:C74,2.21601015
2010:C1,2011:C0,11.34295466
2010:C1,2011:C10,1.23708844
2010:C1,2011:C11,0.77843714
2010:C1,2011:C2,2.1372364299999997
2010:C1,2011:C20,0.72232914
2010:C1,2011:C3,2.13183367
2010:C1,2011:C32,0.7094625
2010:C1,2011:C33,0.60994947
2010:C1,2011:C34,0.63542044
2010:C1,2011:C4,0.673002
2010:C1,2011:C45,0.6264325
2010:C1,2011:C5,1.30213321
2010:C1,2011:C6,1.36215775
2010:C1,2011:C7,0.8070814
2010:C1,2011:C74,0.88057727
2010:C12,2011:C0,2.54592256
2010:C12,2011:C3,0.63127047
2010:C12,2011:C33,0.6882435
2010:C16,2011:C0,5.74261488
2010:C16,2011:C10,0.67761767
2010:C16,2011:C2,0.73940825
2010:C16,2011:C3,1.44567015
2010:C16,2011:C32,0.64315796
2010:C16,2011:C33,0.603789
2010:C16,2011:C6,0.60284364
2010:C2,2011:C0,13.29221913
2010:C2,2011:C10,0.75316656
2010:C2,2011:C11,0.8369872
2010:C2,2011:C2,1.7933994000000002
2010:C2,2011:C20,0.8266364
2010:C2,2011:C3,1.57078498
2010:C2,2011:C32,0.7701922
2010:C2,2011:C33,0.7501972
2010:C2,2011:C34,0.64591116
2010:C2,2011:C4,0.82369286
2010:C2,2011:C45,0.656
2010:C2,2011:C5,0.79380625
2010:C2,2011:C6,0.92417616
2010:C2,2011:C69,0.7616903
2010:C2,2011:C7,0.755641
2010:C2,2011:C74,0.7300149
2010:C3,2011:C0,10.07697881
2010:C3,2011:C10,0.7388252
2010:C3,2011:C11,0.73703796
2010:C3,2011:C2,1.6316157
2010:C3,2011:C20,0.66025984
2010:C3,2011:C3,1.7044898
2010:C3,2011:C32,0.62433285
2010:C3,2011:C33,0.6896175
2010:C3,2011:C34,0.67508465
2010:C3,2011:C4,0.71325016
2010:C3,2011:C5,0.6876557
2010:C3,2011:C6,0.8861993
2010:C3,2011:C69,0.67746246
2010:C3,2011:C7,0.6488048
2010:C3,2011:C74,0.73036325
2010:C30,2011:C2,0.656
2010:C30,2011:C32,0.6277592
2010:C30,2011:C45,1.0
2010:C4,2011:C0,5.67304725
2010:C4,2011:C10,0.62724817
2010:C4,2011:C11,0.73840594
2010:C4,2011:C2,0.7701922
2010:C4,2011:C20,0.717859
2010:C4,2011:C3,0.6243328
2010:C4,2011:C32,1.0
2010:C4,2011:C45,0.6277592
2010:C4,2011:C5,0.74256444
2010:C4,2011:C6,0.6352906
2010:C5,2011:C0,13.09627669
2010:C5,2011:C10,0.6663569
2010:C5,2011:C11,0.82005686
2010:C5,2011:C2,2.0783163
2010:C5,2011:C20,0.99999994
2010:C5,2011:C3,1.2625952900000001
2010:C5,2011:C32,0.717859
2010:C5,2011:C33,0.8650576
2010:C5,2011:C34,0.6665189
2010:C5,2011:C4,0.7698093
2010:C5,2011:C5,0.8441841
2010:C5,2011:C6,0.7410683
2010:C5,2011:C69,0.7919555
2010:C5,2011:C7,0.6189046
2010:C5,2011:C74,0.6984415
2010:C56,2011:C0,7.23246663
2010:C56,2011:C10,1.0000002
2010:C56,2011:C11,0.75548905
2010:C56,2011:C2,0.75316656
2010:C56,2011:C20,0.6663569
2010:C56,2011:C3,0.7388252
2010:C56,2011:C32,0.62724817
2010:C56,2011:C34,0.77263033
2010:C56,2011:C4,0.70334935
2010:C56,2011:C5,0.6177837
2010:C56,2011:C6,0.6427107
2010:C56,2011:C7,0.60602015
2010:C57,2011:C0,3.99916459
2010:C57,2011:C10,0.77263033
2010:C57,2011:C11,0.74299014
2010:C57,2011:C2,0.64591116
2010:C57,2011:C20,0.6665189
2010:C57,2011:C3,0.67508465
2010:C57,2011:C34,1.0000001
2010:C57,2011:C4,0.68998396
2010:C57,2011:C5,0.6114302
2010:C57,2011:C7,0.6140014
2010:C6,2011:C0,11.50160799
2010:C6,2011:C10,0.6427107
2010:C6,2011:C11,0.72750705
2010:C6,2011:C2,1.76337816
2010:C6,2011:C20,0.7410683
2010:C6,2011:C3,1.50103367
2010:C6,2011:C32,0.6352906
2010:C6,2011:C33,0.6682739
2010:C6,2011:C4,0.7809039
2010:C6,2011:C5,0.67040396
2010:C6,2011:C6,1.0
2010:C6,2011:C69,0.720867
2010:C6,2011:C7,0.65446055
2010:C6,2011:C74,0.7039194
2010:C8,2011:C0,2.77322261
2010:C8,2011:C2,1.49172288
2010:C8,2011:C3,0.7047286
2010:C8,2011:C33,0.92760766
2010:C8,2011:C6,0.7311424
2010:C8,2011:C69,0.88458514
2010:C8,2011:C74,0.76617336
2011:C0,2012:C0,113.14544062
2011:C0,2012:C1,9.91400366
2011:C0,2012:C12,4.03604645
2011:C0,2012:C2,20.78931261
2011:C0,2012:C25,8.77891952
2011:C0,2012:C3,16.77865514
2011:C0,2012:C31,2.8406738000000002
2011:C0,2012:C41,6.9904969900000005
2011:C0,2012:C5,6.78822627
2011:C0,2012:C6,15.50077222
2011:C0,2012:C64,7.36324235
2011:C0,2012:C72,8.95041228
2011:C0,2012:C75,8.01152205
2011:C0,2012:C78,10.70098115
2011:C0,2012:C82,6.84430246
2011:C10,2012:C0,7.72649907
2011:C10,2012:C2,1.47812666
2011:C10,2012:C25,0.75548905
2011:C10,2012:C3,0.7388252
2011:C10,2012:C41,0.65438515
2011:C10,2012:C5,0.6177837
2011:C10,2012:C6,1.41534103
2011:C10,2012:C64,0.6362164
2011:C10,2012:C72,0.7802094
2011:C10,2012:C75,0.6844104
2011:C10,2012:C78,0.66635686
2011:C10,2012:C82,0.6684662
2011:C11,2012:C0,8.76143265
2011:C11,2012:C2,1.4599099
2011:C11,2012:C25,1.0
2011:C11,2012:C3,0.73703796
2011:C11,2012:C41,0.73477614
2011:C11,2012:C5,0.7282511
2011:C11,2012:C6,1.4704971900000001
2011:C11,2012:C64,0.77843714
2011:C11,2012:C72,0.7591572
2011:C11,2012:C75,0.7959138
2011:C11,2012:C78,0.82005686
2011:C2,2012:C0,14.99329308
2011:C2,2012:C1,4.04087566
2011:C2,2012:C12,1.36394076
2011:C2,2012:C2,4.22674383
2011:C2,2012:C25,0.8369872
2011:C2,2012:C3,3.24331216
2011:C2,2012:C31,1.56295435
2011:C2,2012:C41,0.7597555
2011:C2,2012:C5,0.79380625
2011:C2,2012:C6,2.40928926
2011:C2,2012:C64,0.7977532
2011:C2,2012:C72,0.76364124
2011:C2,2012:C75,0.77374196
2011:C2,2012:C78,0.8266364
2011:C2,2012:C82,0.74529773
2011:C20,2012:C0,9.22726381
2011:C20,2012:C2,0.8266363
2011:C20,2012:C25,0.82005686
2011:C20,2012:C3,0.66025984
2011:C20,2012:C41,0.72403866
2011:C20,2012:C5,0.8441841
2011:C20,2012:C6,1.4075872600000001
2011:C20,2012:C64,0.72232914
2011:C20,2012:C72,0.721846
2011:C20,2012:C75,0.7286891
2011:C20,2012:C78,0.9999998
2011:C20,2012:C82,0.6227985
2011:C3,2012:C0,14.16949118
2011:C3,2012:C1,3.32800047
2011:C3,2012:C2,2.31932167
2011:C3,2012:C25,0.73703796
2011:C3,2012:C3,3.04871317
2011:C3,2012:C31,0.67746246
2011:C3,2012:C41,0.63135743
2011:C3,2012:C5,1.37437196
2011:C3,2012:C6,2.17611826
2011:C3,2012:C64,0.6758516
2011:C3,2012:C72,0.6256468
2011:C3,2012:C75,0.67990744
2011:C3,2012:C78,0.66025984
2011:C3,2012:C82,1.2358427
2011:C32,2012:C0,5.95569411
2011:C32,2012:C1,0.6001461
2011:C32,2012:C2,1.4944422
2011:C32,2012:C25,0.73840594
2011:C32,2012:C3,0.62433285
2011:C32,2012:C41,0.6205008
2011:C32,2012:C5,0.74256444
2011:C32,2012:C6,0.6352906
2011:C32,2012:C64,0.7094625
2011:C32,2012:C78,0.717859
2011:C32,2012:C82,0.7286644
2011:C33,2012:C0,1.9942986
2011:C33,2012:C1,2.43917083
2011:C33,2012:C12,0.88073593
2011:C33,2012:C2,1.46602284
2011:C33,2012:C3,2.2154751
2011:C33,2012:C31,0.93005896
2011:C33,2012:C6,0.6682739
2011:C34,2012:C0,3.98216211
2011:C34,2012:C2,0.6459111
2011:C34,2012:C25,0.7429902
2011:C34,2012:C3,0.67508465
2011:C34,2012:C41,0.7144395
2011:C34,2012:C5,0.6114302
2011:C34,2012:C6,1.0000001
2011:C34,2012:C64,0.63542044
2011:C34,2012:C72,0.63100374
2011:C34,2012:C75,0.6531334
2011:C34,2012:C78,0.6665189
2011:C4,2012:C0,8.26767741
2011:C4,2012:C2,0.8236929
2011:C4,2012:C25,0.83830345
2011:C4,2012:C3,0.7132502
2011:C4,2012:C41,0.66844344
2011:C4,2012:C5,0.6377846
2011:C4,2012:C6,1.4708881
2011:C4,2012:C64,0.67300206
2011:C4,2012:C72,0.86345005
2011:C4,2012:C75,0.8678708
2011:C4,2012:C78,0.7698093
2011:C45,2012:C0,0.6277592
2011:C45,2012:C2,1.3221902700000001
2011:C45,2012:C41,0.61920583
2011:C45,2012:C64,0.6264325
2011:C5,2012:C0,8.25899205
2011:C5,2012:C2,0.7938063
2011:C5,2012:C25,0.7282511
2011:C5,2012:C3,0.6876557
2011:C5,2012:C41,0.7080027
2011:C5,2012:C5,1.0
2011:C5,2012:C6,1.28183416
2011:C5,2012:C64,0.70137227
2011:C5,2012:C75,0.62192756
2011:C5,2012:C78,0.84418404
2011:C5,2012:C82,0.6048179
2011:C6,2012:C0,10.53606796
2011:C6,2012:C1,0.7399198
2011:C6,2012:C2,1.76337816
2011:C6,2012:C25,0.7275071
2011:C6,2012:C3,1.6997879
2011:C6,2012:C31,0.720867
2011:C6,2012:C41,0.6823401
2011:C6,2012:C5,0.67040396
2011:C6,2012:C6,1.0
2011:C6,2012:C64,0.68475515
2011:C6,2012:C72,0.7111479
2011:C6,2012:C75,0.7146312
2011:C6,2012:C78,0.74106836
2011:C6,2012:C82,0.64075804
2011:C69,2012:C0,2.0025171
2011:C69,2012:C1,2.30944386
2011:C69,2012:C12,0.8768927
2011:C69,2012:C2,1.5629543099999998
2011:C69,2012:C3,1.56037826
2011:C69,2012:C31,1.0000001
2011:C69,2012:C6,0.720867
2011:C7,2012:C0,4.98142852
2011:C7,2012:C2,0.7556411
2011:C7,2012:C25,0.64961153
2011:C7,2012:C3,0.6488048
2011:C7,2012:C41,0.74803877
2011:C7,2012:C5,0.64516103
2011:C7,2012:C6,1.268462
2011:C7,2012:C64,0.8070814
2011:C7,2012:C78,0.6189046
2011:C74,2012:C0,1.37683365
2011:C74,2012:C1,2.43141281
2011:C74,2012:C12,0.68463403
2011:C74,2012:C2,1.4474157
2011:C74,2012:C3,1.4958304199999999
2011:C74,2012:C31,0.76299417
2011:C74,2012:C6,0.7039194
2011:C74,2012:C82,0.6416426
2012:C0,2013:C0,143.81501926
2012:C0,2013:C1,4.59062217
2012:C0,2013:C11,8.76143271
2012:C0,2013:C2,26.21848908
2012:C0,2013:C4,17.60272243
2012:C0,2013:C42,5.12353122
2012:C0,2013:C5,8.88675104
2012:C0,2013:C52,4.64672576
2012:C0,2013:C63,2.1771929
2012:C0,2013:C67,7.55018289
2012:C0,2013:C7,4.98142818
2012:C0,2013:C8,1.95799367
2012:C0,2013:C9,1.99429863
2012:C1,2013:C0,7.6739856
2012:C1,2013:C1,1.54168469
2012:C1,2013:C2,4.04087571
2012:C1,2013:C4,5.34100277
2012:C1,2013:C52,1.36233592
2012:C1,2013:C63,1.6049687000000001
2012:C1,2013:C8,2.28110387
2012:C1,2013:C9,2.4391708
2012:C12,2013:C0,2.675686
2012:C12,2013:C2,1.3639409
2012:C12,2013:C4,1.56152673
2012:C12,2013:C63,0.667775
2012:C12,2013:C8,0.81162566
2012:C12,2013:C9,0.8807358
2012:C2,2013:C0,26.74574012
2012:C2,2013:C1,1.33948332
2012:C2,2013:C11,1.4599099
2012:C2,2013:C2,7.26707675
2012:C2,2013:C4,5.3285050599999995
2012:C2,2013:C42,0.74948394
2012:C2,2013:C5,2.11599657
2012:C2,2013:C52,0.6877061
2012:C2,2013:C67,1.41598529
2012:C2,2013:C7,0.7556411
2012:C2,2013:C8,1.49172288
2012:C2,2013:C9,1.4660229
2012:C25,2013:C0,12.42375112
2012:C25,2013:C11,1.0
2012:C25,2013:C2,2.1946859400000003
2012:C25,2013:C4,1.57670939
2012:C25,2013:C42,0.68423444
2012:C25,2013:C5,0.72825116
2012:C25,2013:C67,0.7784372
2012:C25,2013:C7,0.6496115
2012:C3,2013:C0,18.67899209
2012:C3,2013:C1,0.7337831
2012:C3,2013:C11,0.73703796
2012:C3,2013:C2,3.87466939
2012:C3,2013:C4,4.39379173
2012:C3,2013:C42,0.63157296
2012:C3,2013:C5,0.6876556
2012:C3,2013:C52,1.3357601
2012:C3,2013:C63,0.9999999
2012:C3,2013:C67,0.6758516
2012:C3,2013:C7,0.6488048
2012:C3,2013:C8,1.58170545
2012:C3,2013:C9,2.2154753
2012:C31,2013:C0,3.5615408
2012:C31,2013:C2,1.56295436
2012:C31,2013:C4,1.76299417
2012:C31,2013:C8,0.88458514
2012:C31,2013:C9,0.9300589
2012:C41,2013:C0,10.47797137
2012:C41,2013:C11,0.73477614
2012:C41,2013:C2,2.4003878
2012:C41,2013:C4,1.2889442
2012:C41,2013:C5,1.32720853
2012:C41,2013:C67,0.81418484
2012:C41,2013:C7,0.74803877
2012:C5,2013:C0,10.27690537
2012:C5,2013:C1,0.60076094
2012:C5,2013:C11,0.7282511
2012:C5,2013:C2,1.501809
2012:C5,2013:C4,1.38034904
2012:C5,2013:C5,0.99999994
2012:C5,2013:C52,0.68671626
2012:C5,2013:C67,0.70137227
2012:C5,2013:C7,0.64516103
2012:C6,2013:C0,20.25736992
2012:C6,2013:C1,0.6774027
2012:C6,2013:C11,1.4704971900000001
2012:C6,2013:C2,3.80606886
2012:C6,2013:C4,3.5309649
2012:C6,2013:C42,0.7505319
2012:C6,2013:C5,1.28183416
2012:C6,2013:C52,0.6148343
2012:C6,2013:C67,1.32017554
2012:C6,2013:C7,1.268462
2012:C6,2013:C8,0.7311424
2012:C6,2013:C9,0.6682739
2012:C64,2013:C0,10.13883582
2012:C64,2013:C11,0.77843714
2012:C64,2013:C2,2.2301701
2012:C64,2013:C4,1.3824645599999998
2012:C64,2013:C42,0.6010073
2012:C64,2013:C5,1.3278048
2012:C64,2013:C67,1.0
2012:C64,2013:C7,0.80708134
2012:C72,2013:C0,12.42734777
2012:C72,2013:C11,0.7591572
2012:C72,2013:C2,2.0542769499999998
2012:C72,2013:C4,0.86345005
2012:C72,2013:C42,0.75196147
2012:C72,2013:C67,0.65204597
2012:C75,2013:C0,10.75117721
2012:C75,2013:C11,0.7959138
2012:C75,2013:C2,1.4223626600000001
2012:C75,2013:C4,0.8678709
2012:C75,2013:C42,0.6945992
2012:C75,2013:C5,0.62192756
2012:C75,2013:C67,0.6468624
2012:C78,2013:C0,13.64613071
2012:C78,2013:C11,0.82005686
2012:C78,2013:C2,1.5506749599999998
2012:C78,2013:C4,1.4876683000000002
2012:C78,2013:C42,0.70469767
2012:C78,2013:C5,0.84418416
2012:C78,2013:C67,0.72232914
2012:C78,2013:C7,0.6189046
2012:C82,2013:C0,8.20355924
2012:C82,2013:C1,0.7550559
2012:C82,2013:C2,1.4718794000000002
2012:C82,2013:C4,1.370307
2012:C82,2013:C5,0.6048179
2012:C82,2013:C52,0.6049289
2013:C0,2014:C0,175.04337262
2013:C0,2014:C1,40.16313439
2013:C0,2014:C15,6.40086652
2013:C0,2014:C2,26.74574042
2013:C0,2014:C3,13.10669223
2013:C0,2014:C36,10.30096658
2013:C0,2014:C4,16.32559754
2013:C0,2014:C40,12.42375129
2013:C0,2014:C5,7.55868203
2013:C0,2014:C6,13.85650319
2013:C1,2014:C0,4.59062227
2013:C1,2014:C1,1.6007608800000002
2013:C1,2014:C2,1.33948332
2013:C1,2014:C3,0.7337831
2013:C1,2014:C36,0.6008721
2013:C1,2014:C5,1.3958985400000001
2013:C1,2014:C6,0.6774027
2013:C11,2014:C0,10.58312349
2013:C11,2014:C1,2.3267451
2013:C11,2014:C15,0.74299014
2013:C11,2014:C2,1.4599098000000001
2013:C11,2014:C3,0.7370379
2013:C11,2014:C36,0.75548905
2013:C11,2014:C4,0.83830345
2013:C11,2014:C40,1.0
2013:C11,2014:C6,0.72750705
2013:C2,2014:C0,33.70998463
2013:C2,2014:C1,7.87381708
2013:C2,2014:C14,1.9413961
2013:C2,2014:C15,1.3603505999999999
2013:C2,2014:C2,7.26707675
2013:C2,2014:C3,2.26297293
2013:C2,2014:C36,2.13251186
2013:C2,2014:C4,3.05509056
2013:C2,2014:C40,2.19468614
2013:C2,2014:C5,2.80867069
2013:C2,2014:C6,2.44571826
2013:C4,2014:C0,22.17401201
2013:C4,2014:C1,6.62145617
2013:C4,2014:C14,0.6277592
2013:C4,2014:C15,0.6899841
2013:C4,2014:C2,5.3285050599999995
2013:C4,2014:C3,2.7454086699999998
2013:C4,2014:C36,1.33059752
2013:C4,2014:C4,2.76299411
2013:C4,2014:C40,1.57670939
2013:C4,2014:C5,2.98348867
2013:C4,2014:C6,2.840981
2013:C42,2014:C0,6.91521762
2013:C42,2014:C1,1.30570497
2013:C42,2014:C2,0.74948394
2013:C42,2014:C3,0.63157296
2013:C42,2014:C4,0.8058716
2013:C42,2014:C40,0.68423444
2013:C42,2014:C6,0.7505319
2013:C5,2014:C0,11.14979603
2013:C5,2014:C1,3.7727498099999996
2013:C5,2014:C14,1.0000001
2013:C5,2014:C15,0.6114302
2013:C5,2014:C2,2.11599657
2013:C5,2014:C3,0.6876556
2013:C5,2014:C36,0.61778367
2013:C5,2014:C4,0.6377846
2013:C5,2014:C40,0.7282511
2013:C5,2014:C5,0.7545197
2013:C5,2014:C6,0.67040396
2013:C52,2014:C0,4.64672586
2013:C52,2014:C1,1.4089152600000001
2013:C52,2014:C2,0.6877061
2013:C52,2014:C3,1.33576017
2013:C52,2014:C5,1.37524521
2013:C52,2014:C6,0.6148343
2013:C63,2014:C0,2.17719301
2013:C63,2014:C1,0.8630325
2013:C63,2014:C3,0.9999999
2013:C63,2014:C5,0.74193615
2013:C67,2014:C0,9.02276562
2013:C67,2014:C1,2.42370151
2013:C67,2014:C14,0.6264325
2013:C67,2014:C15,0.63542044
2013:C67,2014:C2,1.4159852
2013:C67,2014:C3,0.6758516
2013:C67,2014:C36,0.63621634
2013:C67,2014:C4,0.67300206
2013:C67,2014:C40,0.7784372
2013:C67,2014:C6,0.68475515
2013:C7,2014:C0,6.46791647
2013:C7,2014:C1,2.07114703
2013:C7,2014:C15,0.6140014
2013:C7,2014:C2,0.7556411
2013:C7,2014:C3,0.6488048
2013:C7,2014:C36,0.60602015
2013:C7,2014:C4,0.64178824
2013:C7,2014:C40,0.64961153
2013:C7,2014:C6,0.6544606
2013:C8,2014:C0,2.77322257
2013:C8,2014:C1,0.76340127
2013:C8,2014:C2,1.49172293
2013:C8,2014:C3,0.7047286
2013:C8,2014:C4,0.8845852
2013:C8,2014:C5,1.4736114
2013:C8,2014:C6,0.7311424
2013:C9,2014:C0,2.7635186000000003
2013:C9,2014:C1,1.47500717
2013:C9,2014:C2,1.4660229
2013:C9,2014:C3,1.3778611
2013:C9,2014:C4,0.9300589
2013:C9,2014:C5,1.5262750299999999
2013:C9,2014:C6,0.6682739
2014:C0,2015:C0,154.09833712
2014:C0,2015:C1,25.03547347
2014:C0,2015:C10,7.66665549
2014:C0,2015:C2,20.04851336
2014:C0,2015:C24,4.04007355
2014:C0,2015:C28,10.58312373
2014:C0,2015:C3,4.64672576
2014:C0,2015:C38,9.90283079
2014:C0,2015:C43,4.14158773
2014:C0,2015:C5,4.77539305
2014:C0,2015:C51,2.03378549
2014:C0,2015:C6,13.35287827
2014:C0,2015:C61,1.24696503
2014:C0,2015:C66,2.84067386
2014:C0,2015:C7,6.46791646
2014:C0,2015:C73,10.15293961
2014:C0,2015:C8,2.77322247
2014:C0,2015:C88,12.02692047
2014:C0,2015:C89,2.1771929
2014:C1,2015:C0,33.88584158
2014:C1,2015:C1,6.59097575
2014:C1,2015:C10,2.52122897
2014:C1,2015:C2,5.00935902
2014:C1,2015:C24,1.9133695400000001
2014:C1,2015:C28,2.3267451
2014:C1,2015:C3,1.4089152600000001
2014:C1,2015:C38,3.14631734
2014:C1,2015:C43,0.6770288
2014:C1,2015:C5,2.0197894
2014:C1,2015:C51,1.57901877
2014:C1,2015:C6,2.77363017
2014:C1,2015:C61,0.6264325
2014:C1,2015:C66,0.7919555
2014:C1,2015:C7,2.07114697
2014:C1,2015:C73,2.08059596
2014:C1,2015:C8,0.76340127
2014:C1,2015:C88,3.35988565
2014:C1,2015:C89,0.8630325
2014:C14,2015:C0,0.61920583
2014:C14,2015:C1,0.6264325
2014:C14,2015:C2,0.656
2014:C14,2015:C61,1.0
2014:C15,2015:C0,4.70572275
2014:C15,2015:C1,1.3019393400000001
2014:C15,2015:C10,0.77263033
2014:C15,2015:C2,0.6459111
2014:C15,2015:C24,1.0000001
2014:C15,2015:C28,0.74299014
2014:C15,2015:C38,0.6114302
2014:C15,2015:C7,0.6140014
2014:C15,2015:C73,0.68998396
2014:C15,2015:C88,0.6750846
2014:C2,2015:C0,23.48790237
2014:C2,2015:C1,3.58210492
2014:C2,2015:C10,1.47812666
2014:C2,2015:C2,4.22674385
2014:C2,2015:C24,0.6459111
2014:C2,2015:C28,1.4599099
2014:C2,2015:C3,0.68770605
2014:C2,2015:C38,0.7938063
2014:C2,2015:C43,1.6116963
2014:C2,2015:C5,1.48972554
2014:C2,2015:C51,1.4474157
2014:C2,2015:C6,1.76337816
2014:C2,2015:C61,1.3221902700000001
2014:C2,2015:C66,1.56295436
2014:C2,2015:C7,0.7556411
2014:C2,2015:C73,0.8236928
2014:C2,2015:C8,1.49172288
2014:C2,2015:C88,1.6316155
2014:C3,2015:C0,13.55401608
2014:C3,2015:C1,2.0698946
2014:C3,2015:C10,0.7388252
2014:C3,2015:C2,1.6316155
2014:C3,2015:C24,0.6750846
2014:C3,2015:C28,0.73703796
2014:C3,2015:C3,1.33576007
2014:C3,2015:C38,0.6876556
2014:C3,2015:C43,0.712953
2014:C3,2015:C5,0.81933635
2014:C3,2015:C51,0.73036325
2014:C3,2015:C6,0.88619936
2014:C3,2015:C66,0.67746246
2014:C3,2015:C7,0.6488048
2014:C3,2015:C73,0.7132502
2014:C3,2015:C8,0.7047286
2014:C3,2015:C88,1.0000001
2014:C3,2015:C89,0.9999999
2014:C36,2015:C0,7.06719119
2014:C36,2015:C1,1.9034453400000002
2014:C36,2015:C10,1.0000001
2014:C36,2015:C2,0.75316656
2014:C36,2015:C24,0.77263033
2014:C36,2015:C28,0.75548905
2014:C36,2015:C38,0.6177837
2014:C36,2015:C6,0.6427107
2014:C36,2015:C7,0.6060201
2014:C36,2015:C73,0.7033493
2014:C36,2015:C88,0.7388252
2014:C4,2015:C0,14.97451728
2014:C4,2015:C1,1.44281143
2014:C4,2015:C10,0.70334935
2014:C4,2015:C2,2.38664726
2014:C4,2015:C24,0.6899841
2014:C4,2015:C28,0.83830345
2014:C4,2015:C38,0.63778454
2014:C4,2015:C43,0.8829158
2014:C4,2015:C5,0.6712832
2014:C4,2015:C51,0.76299417
2014:C4,2015:C6,1.5017710000000002
2014:C4,2015:C66,1.0
2014:C4,2015:C7,0.64178824
2014:C4,2015:C73,0.99999994
2014:C4,2015:C8,0.88458514
2014:C4,2015:C88,1.39071262
2014:C40,2015:C0,10.91282746
2014:C40,2015:C1,1.598494
2014:C40,2015:C10,0.75548905
2014:C40,2015:C2,0.8369871
2014:C40,2015:C24,0.74299014
2014:C40,2015:C28,1.0
2014:C40,2015:C38,0.72825116
2014:C40,2015:C6,0.72750705
2014:C40,2015:C7,0.6496115
2014:C40,2015:C73,0.83830345
2014:C40,2015:C88,0.7370379
2014:C5,2015:C0,7.539520270000001
2014:C5,2015:C1,2.0152334400000003
2014:C5,2015:C2,2.80867075
2014:C5,2015:C3,1.37524521
2014:C5,2015:C38,0.7545197
2014:C5,2015:C43,1.4369445600000001
2014:C5,2015:C5,1.64263117
2014:C5,2015:C51,1.56277267
2014:C5,2015:C6,0.7841772
2014:C5,2015:C66,1.42071594
2014:C5,2015:C8,1.4736114
2014:C5,2015:C88,1.4461754500000001
2014:C5,2015:C89,0.7419362
2014:C6,2015:C0,12.86462934
2014:C6,2015:C1,2.10322621
2014:C6,2015:C10,0.6427107
2014:C6,2015:C2,1.76337816
2014:C6,2015:C28,0.72750705
2014:C6,2015:C3,0.61483437
2014:C6,2015:C38,0.67040396
2014:C6,2015:C43,0.8135886
2014:C6,2015:C5,0.7841771
2014:C6,2015:C51,0.7039194
2014:C6,2015:C6,1.0
2014:C6,2015:C66,0.720867
2014:C6,2015:C7,0.6544606
2014:C6,2015:C73,0.78090394
2014:C6,2015:C8,0.7311424
2014:C6,2015:C88,0.88619936
2015:C0,2016:C0,188.79639577
2015:C0,2016:C1,24.22668862
2015:C0,2016:C11,10.91282752
2015:C0,2016:C14,12.37094778
2015:C0,2016:C16,6.16792749
2015:C0,2016:C2,20.10593385
2015:C0,2016:C3,11.34031867
2015:C0,2016:C35,9.26552396
2015:C0,2016:C54,4.70572265
2015:C0,2016:C6,12.86462923
2015:C0,2016:C76,2.2136975
2015:C0,2016:C77,3.72712905
2015:C0,2016:C8,3.58484821
2015:C1,2016:C0,29.52400301
2015:C1,2016:C1,4.16817698
2015:C1,2016:C11,1.5984940600000002
2015:C1,2016:C14,1.53822356
2015:C1,2016:C16,1.4273215000000001
2015:C1,2016:C2,2.96387272
2015:C1,2016:C3,2.0698946
2015:C1,2016:C35,1.3755514999999998
2015:C1,2016:C54,1.3019393400000001
2015:C1,2016:C6,2.10322621
2015:C10,2016:C0,9.83562032
2015:C10,2016:C1,1.85742724
2015:C10,2016:C11,0.75548905
2015:C10,2016:C14,0.65438515
2015:C10,2016:C16,0.62724817
2015:C10,2016:C2,0.75316656
2015:C10,2016:C3,0.7388252
2015:C10,2016:C35,0.68441045
2015:C10,2016:C54,0.77263033
2015:C10,2016:C6,0.6427107
2015:C2,2016:C0,22.48921334
2015:C2,2016:C1,4.88521722
2015:C2,2016:C11,0.8369872
2015:C2,2016:C14,2.32270986
2015:C2,2016:C16,0.7701922
2015:C2,2016:C2,3.5867987
2015:C2,2016:C3,1.6316155
2015:C2,2016:C35,0.77374196
2015:C2,2016:C54,0.6459111
2015:C2,2016:C6,1.76337816
2015:C2,2016:C77,1.36394076
2015:C2,2016:C8,1.49172285
2015:C24,2016:C0,5.90875655
2015:C24,2016:C1,0.63542044
2015:C24,2016:C11,0.7429902
2015:C24,2016:C14,0.7144395
2015:C24,2016:C2,0.6459111
2015:C24,2016:C3,0.6750846
2015:C24,2016:C35,0.6531334
2015:C24,2016:C54,1.0000001
2015:C28,2016:C0,12.35166768
2015:C28,2016:C1,1.55290694
2015:C28,2016:C11,1.0
2015:C28,2016:C14,0.73477614
2015:C28,2016:C16,0.73840594
2015:C28,2016:C2,0.8369871
2015:C28,2016:C3,0.7370379
2015:C28,2016:C35,0.7959138
2015:C28,2016:C54,0.74299014
2015:C28,2016:C6,0.72750705
2015:C3,2016:C0,5.2111006600000005
2015:C3,2016:C1,0.72219896
2015:C3,2016:C2,0.6877061
2015:C3,2016:C3,0.7044897
2015:C3,2016:C6,0.6148343
2015:C3,2016:C76,0.6312704
2015:C38,2016:C0,10.55334902
2015:C38,2016:C1,1.93790781
2015:C38,2016:C11,0.7282511
2015:C38,2016:C14,0.7080027
2015:C38,2016:C16,0.74256444
2015:C38,2016:C2,0.7938063
2015:C38,2016:C3,0.6876556
2015:C38,2016:C35,0.6219275
2015:C38,2016:C54,0.6114302
2015:C38,2016:C6,0.67040396
2015:C43,2016:C0,4.9379518000000004
2015:C43,2016:C1,0.6770288
2015:C43,2016:C14,0.88291585
2015:C43,2016:C2,1.61169646
2015:C43,2016:C3,0.712953
2015:C43,2016:C6,0.81358856
2015:C43,2016:C77,0.7683362
2015:C43,2016:C8,0.8769768
2015:C5,2016:C0,5.5152598500000005
2015:C5,2016:C1,0.6459349
2015:C5,2016:C14,0.6712832
2015:C5,2016:C2,1.4897257
2015:C5,2016:C3,0.81933635
2015:C5,2016:C6,0.7841772
2015:C5,2016:C8,0.7546613
2015:C51,2016:C0,2.72969129
2015:C51,2016:C1,1.5790188
2015:C51,2016:C14,0.76299417
2015:C51,2016:C2,1.4474156
2015:C51,2016:C3,0.73036325
2015:C51,2016:C6,0.7039194
2015:C51,2016:C77,0.68463403
2015:C51,2016:C8,0.76617336
2015:C6,2016:C0,15.57548771
2015:C6,2016:C1,2.11124265
2015:C6,2016:C11,0.7275071
2015:C6,2016:C14,1.4032071
2015:C6,2016:C16,0.6352906
2015:C6,2016:C2,1.76337816
2015:C6,2016:C3,0.88619936
2015:C6,2016:C35,0.7146312
2015:C6,2016:C6,1.0
2015:C6,2016:C8,0.7311424
2015:C61,2016:C1,0.6264325
2015:C61,2016:C14,0.61920583
2015:C61,2016:C16,0.6277592
2015:C61,2016:C2,0.656
2015:C66,2016:C0,3.02642776
2015:C66,2016:C1,0.7919555
2015:C66,2016:C14,1.0
2015:C66,2016:C2,1.56295436
2015:C66,2016:C3,0.67746246
2015:C66,2016:C6,0.720867
2015:C66,2016:C77,0.8768927
2015:C66,2016:C8,0.88458514
2015:C7,2016:C0,6.964714389999999
2015:C7,2016:C1,1.425309
2015:C7,2016:C11,0.64961153
2015:C7,2016:C14,0.74803877
2015:C7,2016:C2,0.7556411
2015:C7,2016:C3,0.6488048
2015:C7,2016:C54,0.6140014
2015:C7,2016:C6,0.6544606
2015:C73,2016:C0,12.80728863
2015:C73,2016:C1,1.41405326
2015:C73,2016:C11,0.83830345
2015:C73,2016:C14,0.66844344
2015:C73,2016:C2,0.8236929
2015:C73,2016:C3,0.71325016
2015:C73,2016:C35,0.8678709
2015:C73,2016:C54,0.6899841
2015:C73,2016:C6,0.780904
2015:C8,2016:C0,2.96247527
2015:C8,2016:C1,0.76340127
2015:C8,2016:C14,0.8845852
2015:C8,2016:C2,1.49172293
2015:C8,2016:C3,0.7047286
2015:C8,2016:C6,0.7311424
2015:C8,2016:C77,0.81162566
2015:C8,2016:C8,0.9999999
2015:C88,2016:C0,13.32786184
2015:C88,2016:C1,2.6196606
2015:C88,2016:C11,0.73703796
2015:C88,2016:C14,1.30881989
2015:C88,2016:C16,0.62433285
2015:C88,2016:C2,1.6316155
2015:C88,2016:C3,1.0000001
2015:C88,2016:C35,0.67990744
2015:C88,2016:C54,0.6750846
2015:C88,2016:C6,0.88619936
2015:C88,2016:C8,0.7047286
2015:C89,2016:C0,2.10903471
2015:C89,2016:C1,0.8630325
2015:C89,2016:C76,0.9999999
2015:C89,2016:C77,0.66777503
2016:C0,2017:C0,190.486433
2016:C0,2017:C1,33.23129052
2016:C0,2017:C12,2.1090346
2016:C0,2017:C19,12.35166737
2016:C0,2017:C2,27.36989833
2016:C0,2017:C20,7.6735365600000005
2016:C0,2017:C21,4.85971847
2016:C0,2017:C3,4.93795177
2016:C0,2017:C37,3.02642776
2016:C0,2017:C4,2.72969123
2016:C0,2017:C5,5.51525997
2016:C0,2017:C50,10.55334889
2016:C0,2017:C55,3.6303279
2016:C0,2017:C6,15.57548766
2016:C0,2017:C62,5.90875639
2016:C0,2017:C7,6.96471433
2016:C0,2017:C70,5.31535217
2016:C0,2017:C84,12.80728851
2016:C0,2017:C87,13.32786224
2016:C0,2017:C9,2.9760984
2016:C1,2017:C0,25.74226896
2016:C1,2017:C1,6.28409168
2016:C1,2017:C12,0.8630325
2016:C1,2017:C19,1.55290683
2016:C1,2017:C2,5.50344935
2016:C1,2017:C20,1.4014807999999999
2016:C1,2017:C3,0.6770288
2016:C1,2017:C37,0.7919555
2016:C1,2017:C4,1.57901877
2016:C1,2017:C5,0.6459349
2016:C1,2017:C50,1.9379078399999998
2016:C1,2017:C55,0.7825635
2016:C1,2017:C6,2.11124265
2016:C1,2017:C60,0.6264324
2016:C1,2017:C62,0.63542044
2016:C1,2017:C7,1.4253089399999999
2016:C1,2017:C70,0.99999994
2016:C1,2017:C84,1.41405326
2016:C1,2017:C87,2.6196606
2016:C1,2017:C9,1.47500697
2016:C11,2017:C0,9.34693665
2016:C11,2017:C1,1.59452659
2016:C11,2017:C19,1.0
2016:C11,2017:C2,1.4599099
2016:C11,2017:C20,0.73840594
2016:C11,2017:C21,0.6280064
2016:C11,2017:C50,0.72825116
2016:C11,2017:C6,0.72750705
2016:C11,2017:C62,0.74299014
2016:C11,2017:C7,0.6496115
2016:C11,2017:C84,0.83830345
2016:C11,2017:C87,0.7370379
2016:C14,2017:C0,12.55864079
2016:C14,2017:C1,2.9112517799999997
2016:C14,2017:C19,0.73477614
2016:C14,2017:C2,2.96334219
2016:C14,2017:C20,0.6205008
2016:C14,2017:C3,0.88291585
2016:C14,2017:C37,1.0
2016:C14,2017:C4,0.76299417
2016:C14,2017:C5,0.6712832
2016:C14,2017:C50,0.7080027
2016:C14,2017:C55,0.8768927
2016:C14,2017:C6,1.4032071
2016:C14,2017:C60,0.61920583
2016:C14,2017:C62,0.7144395
2016:C14,2017:C7,0.74803877
2016:C14,2017:C84,0.66844344
2016:C14,2017:C87,1.30881989
2016:C14,2017:C9,0.9300589
2016:C16,2017:C0,6.87527766
2016:C16,2017:C1,2.0100234
2016:C16,2017:C19,0.73840594
2016:C16,2017:C2,1.4944422
2016:C16,2017:C20,1.0
2016:C16,2017:C50,0.7425643
2016:C16,2017:C6,0.6352906
2016:C16,2017:C60,0.62775916
2016:C16,2017:C87,0.6243328
2016:C2,2017:C0,22.01773453
2016:C2,2017:C1,5.11213291
2016:C2,2017:C19,0.8369871
2016:C2,2017:C2,4.22674373
2016:C2,2017:C20,0.7701922
2016:C2,2017:C21,0.7014476
2016:C2,2017:C3,1.61169646
2016:C2,2017:C37,1.56295436
2016:C2,2017:C4,1.4474157
2016:C2,2017:C5,1.4897257
2016:C2,2017:C50,0.7938063
2016:C2,2017:C55,1.3639409
2016:C2,2017:C6,1.76337816
2016:C2,2017:C60,0.656
2016:C2,2017:C62,0.6459111
2016:C2,2017:C7,0.7556411
2016:C2,2017:C70,1.33948332
2016:C2,2017:C84,0.8236929
2016:C2,2017:C87,1.6316155
2016:C2,2017:C9,1.4660229
2016:C3,2017:C0,12.07098236
2016:C3,2017:C1,2.63127958
2016:C3,2017:C19,0.7370379
2016:C3,2017:C2,1.6316155
2016:C3,2017:C20,0.6243328
2016:C3,2017:C21,0.62077826
2016:C3,2017:C3,0.712953
2016:C3,2017:C37,0.67746246
2016:C3,2017:C4,0.73036325
2016:C3,2017:C5,0.81933635
2016:C3,2017:C50,0.6876556
2016:C3,2017:C6,0.88619936
2016:C3,2017:C62,0.6750846
2016:C3,2017:C7,0.6488048
2016:C3,2017:C70,0.7337831
2016:C3,2017:C84,0.71325016
2016:C3,2017:C87,1.0000001
2016:C3,2017:C9,0.6896176
2016:C35,2017:C0,7.83740155
2016:C35,2017:C1,1.3659029
2016:C35,2017:C19,0.7959139
2016:C35,2017:C2,0.77374196
2016:C35,2017:C21,0.6364995
2016:C35,2017:C50,0.62192756
2016:C35,2017:C6,0.71463126
2016:C35,2017:C62,0.6531334
2016:C35,2017:C84,0.8678708
2016:C35,2017:C87,0.67990744
2016:C54,2017:C0,4.05514385
2016:C54,2017:C1,0.6665189
2016:C54,2017:C19,0.74299014
2016:C54,2017:C2,0.6459111
2016:C54,2017:C50,0.6114302
2016:C54,2017:C62,1.0000001
2016:C54,2017:C7,0.6140014
2016:C54,2017:C84,0.6899841
2016:C54,2017:C87,0.6750846
2016:C6,2017:C0,13.45066367
2016:C6,2017:C1,2.23007296
2016:C6,2017:C19,0.72750705
2016:C6,2017:C2,1.76337816
2016:C6,2017:C20,0.6352906
2016:C6,2017:C21,0.6474359
2016:C6,2017:C3,0.81358856
2016:C6,2017:C37,0.720867
2016:C6,2017:C4,0.7039194
2016:C6,2017:C5,0.7841772
2016:C6,2017:C50,0.67040396
2016:C6,2017:C6,1.0
2016:C6,2017:C7,0.6544606
2016:C6,2017:C70,0.6774027
2016:C6,2017:C84,0.780904
2016:C6,2017:C87,0.88619936
2016:C6,2017:C9,0.6682739
2016:C76,2017:C0,3.0402253999999997
2016:C76,2017:C1,0.74193615
2016:C76,2017:C12,0.9999999
2016:C76,2017:C55,0.667775
2016:C76,2017:C9,0.6882435
2016:C77,2017:C0,4.9624606
2016:C77,2017:C1,1.4553245399999999
2016:C77,2017:C12,0.667775
2016:C77,2017:C2,1.3639409
2016:C77,2017:C3,0.7683362
2016:C77,2017:C37,0.8768927
2016:C77,2017:C4,0.68463403
2016:C77,2017:C55,1.0
2016:C77,2017:C9,0.8807358
2016:C8,2017:C0,4.53662386
2016:C8,2017:C1,1.5177026
2016:C8,2017:C2,1.49172293
2016:C8,2017:C3,0.8769768
2016:C8,2017:C37,0.8845852
2016:C8,2017:C4,0.76617336
2016:C8,2017:C5,0.7546612
2016:C8,2017:C55,0.8116256
2016:C8,2017:C6,0.7311424
2016:C8,2017:C87,0.7047286
2016:C8,2017:C9,0.92760766
2017:C0,2018:C0,185.33617343
2017:C0,2018:C1,28.31420162
2017:C0,2018:C13,7.83740155
2017:C0,2018:C17,5.53005427
2017:C0,2018:C2,22.01773453
2017:C0,2018:C27,4.9624606
2017:C0,2018:C3,9.3529424
2017:C0,2018:C4,17.39948729
2017:C0,2018:C5,9.11992336
2017:C0,2018:C58,4.53662386
2017:C0,2018:C6,13.45066367
2017:C0,2018:C68,6.87527766
2017:C0,2018:C7,5.46791626
2017:C0,2018:C71,5.59852138
2017:C0,2018:C81,4.14004295
2017:C0,2018:C85,8.86896641
2017:C0,2018:C86,12.07098236
2017:C0,2018:C9,4.55618376
2017:C1,2018:C0,33.130476
2017:C1,2018:C1,6.28409172
2017:C1,2018:C13,1.3659029
2017:C1,2018:C17,2.01607936
2017:C1,2018:C2,5.11213281
2017:C1,2018:C27,1.4553245000000001
2017:C1,2018:C3,2.2646501
2017:C1,2018:C4,2.19004113
2017:C1,2018:C5,1.47995876
2017:C1,2018:C58,1.5177026
2017:C1,2018:C6,2.23007296
2017:C1,2018:C68,2.0100234
2017:C1,2018:C7,1.2371322
2017:C1,2018:C71,1.88499558
2017:C1,2018:C81,1.73297144
2017:C1,2018:C85,1.7826857
2017:C1,2018:C86,2.63127958
2017:C1,2018:C9,1.5741133299999999
2017:C12,2018:C0,0.6312704
2017:C12,2018:C1,0.8630326
2017:C12,2018:C27,0.667775
2017:C12,2018:C3,0.9999999
2017:C12,2018:C4,0.7895207
2017:C12,2018:C71,0.74193615
2017:C12,2018:C9,0.6882435
2017:C19,2018:C0,12.73175889
2017:C19,2018:C1,1.5984939599999999
2017:C19,2018:C13,0.7959139
2017:C19,2018:C2,0.8369871
2017:C19,2018:C4,0.83830345
2017:C19,2018:C5,0.72825116
2017:C19,2018:C6,0.72750705
2017:C19,2018:C68,0.73840594
2017:C19,2018:C7,0.6496115
2017:C19,2018:C85,0.77446973
2017:C19,2018:C86,0.7370379
2017:C2,2018:C0,27.27956634
2017:C2,2018:C1,4.83378462
2017:C2,2018:C13,0.77374196
2017:C2,2018:C17,1.4897257
2017:C2,2018:C2,4.22674385
2017:C2,2018:C27,1.3639409
2017:C2,2018:C3,1.61169646
2017:C2,2018:C4,3.55563027
2017:C2,2018:C5,0.7938063
2017:C2,2018:C58,1.49172293
2017:C2,2018:C6,1.76337816
2017:C2,2018:C68,1.4944422
2017:C2,2018:C7,0.7556411
2017:C2,2018:C71,1.3189451499999998
2017:C2,2018:C81,1.4474157
2017:C2,2018:C85,1.4963008000000002
2017:C2,2018:C86,1.6316155
2017:C2,2018:C9,1.4660229
2017:C20,2018:C0,7.67142634
2017:C20,2018:C1,1.4273215000000001
2017:C20,2018:C2,0.7701922
2017:C20,2018:C4,1.27091712
2017:C20,2018:C5,0.7425643
2017:C20,2018:C6,0.6352906
2017:C20,2018:C68,1.0
2017:C20,2018:C85,0.6920183
2017:C20,2018:C86,0.6243328
2017:C21,2018:C0,3.8744098300000003
2017:C21,2018:C13,0.6364995
2017:C21,2018:C2,0.7014476
2017:C21,2018:C4,1.2831593
2017:C21,2018:C6,0.6474359
2017:C21,2018:C86,0.62077826
2017:C3,2018:C0,4.98325342
2017:C3,2018:C1,0.6770288
2017:C3,2018:C17,0.7388129
2017:C3,2018:C2,1.61169646
2017:C3,2018:C27,0.7683362
2017:C3,2018:C3,0.9999999
2017:C3,2018:C58,0.8769768
2017:C3,2018:C6,0.81358856
2017:C3,2018:C71,0.6981317
2017:C3,2018:C81,0.7654672
2017:C3,2018:C86,0.712953
2017:C3,2018:C9,0.8376142
2017:C37,2018:C0,3.09636886
2017:C37,2018:C1,0.7919555
2017:C37,2018:C17,0.6712832
2017:C37,2018:C2,1.56295436
2017:C37,2018:C27,0.8768927
2017:C37,2018:C3,0.88291585
2017:C37,2018:C58,0.8845852
2017:C37,2018:C6,0.720867
2017:C37,2018:C71,0.7494328
2017:C37,2018:C81,0.76299417
2017:C37,2018:C86,0.67746246
2017:C37,2018:C9,0.9300589
2017:C4,2018:C0,2.6966212599999997
2017:C4,2018:C1,1.5790188
2017:C4,2018:C17,0.72659826
2017:C4,2018:C2,1.4474156
2017:C4,2018:C27,0.684634
2017:C4,2018:C3,0.7654672
2017:C4,2018:C58,0.7661734
2017:C4,2018:C6,0.7039194
2017:C4,2018:C71,0.83617437
2017:C4,2018:C81,1.0
2017:C4,2018:C86,0.73036325
2017:C4,2018:C9,0.7960642
2017:C5,2018:C0,4.82061307
2017:C5,2018:C1,1.2652698
2017:C5,2018:C17,0.9999999
2017:C5,2018:C2,1.4897257
2017:C5,2018:C3,0.7388129
2017:C5,2018:C5,0.7545197
2017:C5,2018:C58,0.7546612
2017:C5,2018:C6,0.7841772
2017:C5,2018:C71,0.64263123
2017:C5,2018:C81,0.7265984
2017:C5,2018:C86,0.81933635
2017:C5,2018:C9,0.7465952
2017:C50,2018:C0,11.11168776
2017:C50,2018:C1,2.1463174
2017:C50,2018:C13,0.62192756
2017:C50,2018:C17,0.7545197
2017:C50,2018:C2,0.7938063
2017:C50,2018:C4,0.63778454
2017:C50,2018:C5,0.99999994
2017:C50,2018:C6,0.67040396
2017:C50,2018:C68,0.7425643
2017:C50,2018:C7,0.64516103
2017:C50,2018:C85,0.6357746
2017:C50,2018:C86,0.6876556
2017:C55,2018:C0,2.93389933
2017:C55,2018:C1,0.78256345
2017:C55,2018:C2,1.3639409
2017:C55,2018:C27,1.0
2017:C55,2018:C3,1.4361112
2017:C55,2018:C4,0.69258547
2017:C55,2018:C58,0.8116256
2017:C55,2018:C71,0.77186584
2017:C55,2018:C81,0.68463403
2017:C55,2018:C9,0.8807358
2017:C6,2018:C0,14.39211941
2017:C6,2018:C1,2.10322621
2017:C6,2018:C13,0.71463126
2017:C6,2018:C17,0.7841772
2017:C6,2018:C2,1.76337816
2017:C6,2018:C3,0.81358856
2017:C6,2018:C4,1.3837476400000002
2017:C6,2018:C5,0.67040396
2017:C6,2018:C58,0.7311424
2017:C6,2018:C6,1.0
2017:C6,2018:C68,0.6352906
2017:C6,2018:C7,0.6544606
2017:C6,2018:C81,0.7039194
2017:C6,2018:C85,0.7490848
2017:C6,2018:C86,0.88619936
2017:C6,2018:C9,0.6682739
2017:C60,2018:C0,0.61920583
2017:C60,2018:C1,0.6264324
2017:C60,2018:C2,0.656
2017:C60,2018:C4,1.0000001
2017:C60,2018:C68,0.62775916
2017:C62,2018:C0,7.08566583
2017:C62,2018:C1,1.3019393400000001
2017:C62,2018:C13,0.6531334
2017:C62,2018:C2,0.6459111
2017:C62,2018:C4,0.6899841
2017:C62,2018:C5,0.6114302
2017:C62,2018:C7,0.6140014
2017:C62,2018:C86,0.6750846
2017:C7,2018:C0,7.3574611999999995
2017:C7,2018:C1,1.42598594
2017:C7,2018:C2,0.7556411
2017:C7,2018:C4,0.64178824
2017:C7,2018:C5,0.64516103
2017:C7,2018:C6,0.6544606
2017:C7,2018:C7,1.0000002
2017:C7,2018:C85,0.6182276
2017:C7,2018:C86,0.6488048
2017:C70,2018:C0,4.06843687
2017:C70,2018:C1,0.99999994
2017:C70,2018:C17,0.6459349
2017:C70,2018:C2,1.33948332
2017:C70,2018:C4,0.6369658
2017:C70,2018:C5,0.60076094
2017:C70,2018:C6,0.6774027
2017:C70,2018:C71,0.74996364
2017:C70,2018:C81,0.88057727
2017:C70,2018:C86,0.7337831
2017:C70,2018:C9,0.6099495
2017:C84,2018:C0,12.922577689999999
2017:C84,2018:C1,1.44281137
2017:C84,2018:C13,0.8678708
2017:C84,2018:C2,0.8236929
2017:C84,2018:C4,0.9999998
2017:C84,2018:C5,0.63778454
2017:C84,2018:C6,0.780904
2017:C84,2018:C7,0.64178824
2017:C84,2018:C85,0.74105126
2017:C84,2018:C86,0.71325016
2017:C87,2018:C0,12.77122332
2017:C87,2018:C1,2.67223005
2017:C87,2018:C13,0.67990744
2017:C87,2018:C17,0.81933635
2017:C87,2018:C2,1.6316155
2017:C87,2018:C3,0.712953
2017:C87,2018:C4,1.37137091
2017:C87,2018:C5,0.6876556
2017:C87,2018:C58,0.7047286
2017:C87,2018:C6,0.88619936
2017:C87,2018:C68,0.6243328
2017:C87,2018:C7,0.6488048
2017:C87,2018:C71,0.6268391
2017:C87,2018:C81,0.73036325
2017:C87,2018:C85,0.60769045
2017:C87,2018:C86,1.0000001
2017:C87,2018:C9,0.6896176
2017:C9,2018:C0,2.3023682
2017:C9,2018:C1,1.4750071
2017:C9,2018:C17,0.7465952
2017:C9,2018:C2,1.4660229
2017:C9,2018:C27,0.8807358
2017:C9,2018:C3,1.5258577
2017:C9,2018:C4,0.603789
2017:C9,2018:C58,0.92760766
2017:C9,2018:C6,0.6682739
2017:C9,2018:C71,0.77967983
2017:C9,2018:C81,0.79606414
2017:C9,2018:C86,0.6896176
2017:C9,2018:C9,1.0000001
2018:C0,2019:C0,178.3483317
2018:C0,2019:C1,41.58063074
2018:C0,2019:C18,5.43981878
2018:C0,2019:C19,12.73175932
2018:C0,2019:C2,21.80566532
2018:C0,2019:C22,10.87602206
2018:C0,2019:C23,7.08566617
2018:C0,2019:C3,23.62599273
2018:C0,2019:C39,3.35329436
2018:C0,2019:C4,2.6966212599999997
2018:C0,2019:C44,0.63127047
2018:C0,2019:C47,11.974479089999999
2018:C0,2019:C49,4.06843691
2018:C0,2019:C5,11.11168769
2018:C0,2019:C59,7.67142617
2018:C0,2019:C6,14.39211947
2018:C0,2019:C65,3.0963689
2018:C0,2019:C7,7.35746147
2018:C0,2019:C79,5.8575744400000005
2018:C0,2019:C8,2.91945251
2018:C0,2019:C80,12.92257769
2018:C0,2019:C9,2.30236826
2018:C1,2019:C0,25.24148467
2018:C1,2019:C1,7.43042392
2018:C1,2019:C18,1.8917022
2018:C1,2019:C19,1.598494
2018:C1,2019:C2,4.21555273
2018:C1,2019:C22,1.5382235
2018:C1,2019:C23,1.3019393400000001
2018:C1,2019:C3,4.0477814599999995
2018:C1,2019:C39,1.57599717
2018:C1,2019:C4,1.57901877
2018:C1,2019:C44,0.8630326
2018:C1,2019:C47,1.4533110900000001
2018:C1,2019:C49,0.99999994
2018:C1,2019:C5,2.14631731
2018:C1,2019:C59,1.4273215000000001
2018:C1,2019:C6,2.10322605
2018:C1,2019:C65,0.7919555
2018:C1,2019:C7,1.425986
2018:C1,2019:C79,1.3144487599999999
2018:C1,2019:C8,0.76340127
2018:C1,2019:C80,1.4428113599999999
2018:C1,2019:C9,1.47500707
2018:C13,2019:C0,7.87347826
2018:C13,2019:C1,2.0127653
2018:C13,2019:C19,0.7959138
2018:C13,2019:C2,0.77374196
2018:C13,2019:C22,0.6486207
2018:C13,2019:C23,0.6531334
2018:C13,2019:C3,1.67990764
2018:C13,2019:C47,0.743425
2018:C13,2019:C5,0.6219275
2018:C13,2019:C6,0.7146312
2018:C13,2019:C80,0.8678709
2018:C17,2019:C0,4.73114395
2018:C17,2019:C1,1.373448
2018:C17,2019:C18,0.99999994
2018:C17,2019:C2,1.48972554
2018:C17,2019:C3,0.81933635
2018:C17,2019:C39,0.64263123
2018:C17,2019:C4,0.7265983
2018:C17,2019:C49,0.6459349
2018:C17,2019:C5,0.7545197
2018:C17,2019:C6,0.7841771
2018:C17,2019:C65,0.6712832
2018:C17,2019:C79,0.783062
2018:C17,2019:C8,0.7546612
2018:C17,2019:C9,0.7465952
2018:C2,2019:C0,21.51059947
2018:C2,2019:C1,5.84262106
2018:C2,2019:C18,2.14572554
2018:C2,2019:C19,0.8369872
2018:C2,2019:C2,3.5867989
2018:C2,2019:C22,0.7597554
2018:C2,2019:C23,0.64591116
2018:C2,2019:C3,2.40535766
2018:C2,2019:C39,1.3189451499999998
2018:C2,2019:C4,1.4474157
2018:C2,2019:C47,0.7914608
2018:C2,2019:C49,1.33948323
2018:C2,2019:C5,0.79380625
2018:C2,2019:C59,0.7701922
2018:C2,2019:C6,1.76337816
2018:C2,2019:C65,1.56295435
2018:C2,2019:C7,0.755641
2018:C2,2019:C79,0.72929436
2018:C2,2019:C8,1.49172288
2018:C2,2019:C80,0.8236928
2018:C2,2019:C9,1.46602294
2018:C27,2019:C0,5.1366076199999995
2018:C27,2019:C1,1.46602225
2018:C27,2019:C2,1.36394076
2018:C27,2019:C39,0.77186584
2018:C27,2019:C4,0.68463403
2018:C27,2019:C44,0.66777503
2018:C27,2019:C65,0.8768927
2018:C27,2019:C8,0.81162566
2018:C27,2019:C9,0.88073593
2018:C3,2019:C0,9.37201579
2018:C3,2019:C1,2.3646436
2018:C3,2019:C18,0.7388129
2018:C3,2019:C2,1.61169646
2018:C3,2019:C3,0.712953
2018:C3,2019:C39,1.4400678500000001
2018:C3,2019:C4,0.76546717
2018:C3,2019:C44,0.9999999
2018:C3,2019:C6,0.8135886
2018:C3,2019:C65,0.8829158
2018:C3,2019:C8,0.87697685
2018:C3,2019:C9,1.5258576000000001
2018:C4,2019:C0,16.89927747
2018:C4,2019:C1,3.50608362
2018:C4,2019:C18,1.0000001
2018:C4,2019:C19,0.83830345
2018:C4,2019:C2,2.21910105
2018:C4,2019:C22,1.28764923
2018:C4,2019:C23,0.68998396
2018:C4,2019:C3,2.23924185
2018:C4,2019:C39,0.67918056
2018:C4,2019:C44,0.78952086
2018:C4,2019:C47,0.7952705
2018:C4,2019:C49,0.6369658
2018:C4,2019:C5,0.6377846
2018:C4,2019:C59,1.27091716
2018:C4,2019:C6,1.38374758
2018:C4,2019:C7,0.64178824
2018:C4,2019:C79,0.6228113
2018:C4,2019:C80,0.99999994
2018:C4,2019:C9,0.603789
2018:C5,2019:C0,7.55312285
2018:C5,2019:C1,2.18133097
2018:C5,2019:C18,0.7545197
2018:C5,2019:C19,0.7282511
2018:C5,2019:C2,0.79380625
2018:C5,2019:C22,0.7080026
2018:C5,2019:C23,0.6114302
2018:C5,2019:C3,1.3095832
2018:C5,2019:C47,0.643355
2018:C5,2019:C49,0.60076094
2018:C5,2019:C5,1.0
2018:C5,2019:C59,0.74256444
2018:C5,2019:C6,0.67040396
2018:C5,2019:C7,0.64516103
2018:C5,2019:C79,0.8675259
2018:C5,2019:C80,0.6377846
2018:C58,2019:C0,4.46182498
2018:C58,2019:C1,1.56215367
2018:C58,2019:C18,0.7546612
2018:C58,2019:C2,1.49172288
2018:C58,2019:C3,0.7047286
2018:C58,2019:C39,0.7189502
2018:C58,2019:C4,0.76617336
2018:C58,2019:C6,0.7311424
2018:C58,2019:C65,0.88458514
2018:C58,2019:C8,0.9999999
2018:C58,2019:C9,0.92760766
2018:C6,2019:C0,12.83191934
2018:C6,2019:C1,2.91482795
2018:C6,2019:C18,0.7841771
2018:C6,2019:C19,0.72750705
2018:C6,2019:C2,1.76337816
2018:C6,2019:C22,0.68234
2018:C6,2019:C3,1.6008305
2018:C6,2019:C4,0.7039194
2018:C6,2019:C47,0.77144957
2018:C6,2019:C49,0.6774026
2018:C6,2019:C5,0.67040396
2018:C6,2019:C59,0.6352906
2018:C6,2019:C6,1.0
2018:C6,2019:C65,0.720867
2018:C6,2019:C7,0.65446055
2018:C6,2019:C79,0.64810145
2018:C6,2019:C8,0.7311424
2018:C6,2019:C80,0.78090394
2018:C6,2019:C9,0.6682739
2018:C68,2019:C0,6.299115
2018:C68,2019:C1,2.71948589
2018:C68,2019:C18,0.6277592
2018:C68,2019:C19,0.73840594
2018:C68,2019:C2,0.7701922
2018:C68,2019:C22,0.62050074
2018:C68,2019:C3,0.62433285
2018:C68,2019:C5,0.74256444
2018:C68,2019:C59,1.0
2018:C68,2019:C6,0.6352906
2018:C68,2019:C79,0.65656245
2018:C7,2019:C0,4.0715992
2018:C7,2019:C1,2.0442136
2018:C7,2019:C19,0.64961153
2018:C7,2019:C2,0.755641
2018:C7,2019:C22,0.74803877
2018:C7,2019:C23,0.6140014
2018:C7,2019:C3,0.6488048
2018:C7,2019:C47,0.64409447
2018:C7,2019:C5,0.64516103
2018:C7,2019:C6,0.65446055
2018:C7,2019:C7,1.0
2018:C7,2019:C80,0.64178824
2018:C71,2019:C0,5.5235351900000005
2018:C71,2019:C1,1.71102917
2018:C71,2019:C18,0.64263123
2018:C71,2019:C2,1.3189451499999998
2018:C71,2019:C3,0.6268391
2018:C71,2019:C39,0.99999994
2018:C71,2019:C4,0.83617437
2018:C71,2019:C44,0.74193615
2018:C71,2019:C49,0.74996364
2018:C71,2019:C65,0.7494328
2018:C71,2019:C8,0.7189502
2018:C71,2019:C9,0.77967983
2018:C81,2019:C0,4.12552929
2018:C81,2019:C1,1.5952385
2018:C81,2019:C18,0.7265983
2018:C81,2019:C2,1.4474157
2018:C81,2019:C3,0.73036325
2018:C81,2019:C39,0.83617437
2018:C81,2019:C4,1.0
2018:C81,2019:C49,0.88057727
2018:C81,2019:C6,0.7039194
2018:C81,2019:C65,0.76299417
2018:C81,2019:C8,0.76617336
2018:C81,2019:C9,0.79606414
2018:C85,2019:C0,8.32651292
2018:C85,2019:C1,2.4458477
2018:C85,2019:C19,0.7744698
2018:C85,2019:C2,1.4963009
2018:C85,2019:C22,0.6697248
2018:C85,2019:C3,1.24490425
2018:C85,2019:C47,0.75751376
2018:C85,2019:C5,0.6357746
2018:C85,2019:C59,0.69201833
2018:C85,2019:C6,0.7490848
2018:C85,2019:C7,0.6182276
2018:C85,2019:C80,0.74105126
2018:C86,2019:C0,12.02903315
2018:C86,2019:C1,3.28262747
2018:C86,2019:C18,0.81933635
2018:C86,2019:C19,0.73703796
2018:C86,2019:C2,1.6316157
2018:C86,2019:C22,0.63135743
2018:C86,2019:C23,0.67508465
2018:C86,2019:C3,1.67990754
2018:C86,2019:C39,0.6268391
2018:C86,2019:C4,0.73036325
2018:C86,2019:C49,0.73378307
2018:C86,2019:C5,0.6876557
2018:C86,2019:C59,0.62433285
2018:C86,2019:C6,0.8861993
2018:C86,2019:C65,0.67746246
2018:C86,2019:C7,0.6488048
2018:C86,2019:C79,0.7282841
2018:C86,2019:C8,0.7047286
2018:C86,2019:C80,0.7132502
2018:C86,2019:C9,0.6896175
2018:C9,2019:C0,4.48186863
2018:C9,2019:C1,1.6594910999999999
2018:C9,2019:C18,0.7465952
2018:C9,2019:C2,1.46602294
2018:C9,2019:C3,0.6896175
2018:C9,2019:C39,0.77967983
2018:C9,2019:C4,0.79606414
2018:C9,2019:C44,0.6882435
2018:C9,2019:C49,0.60994947
2018:C9,2019:C6,0.6682739
2018:C9,2019:C65,0.93005896
2018:C9,2019:C8,0.92760766
2018:C9,2019:C9,1.0000001
2019:C0,2020:C0,153.53008562
2019:C0,2020:C1,44.06755495
2019:C0,2020:C10,7.79071202
2019:C0,2020:C13,10.71844616
2019:C0,2020:C17,7.55312281
2019:C0,2020:C2,20.29908016
2019:C0,2020:C26,9.79323664
2019:C0,2020:C4,4.12552929
2019:C0,2020:C46,9.50544901
2019:C0,2020:C48,5.42116424
2019:C0,2020:C5,12.02903358
2019:C0,2020:C53,3.3842499
2019:C0,2020:C7,4.07159896
2019:C0,2020:C8,4.46182498
2019:C0,2020:C9,4.48186863
2019:C1,2020:C0,35.36821263
2019:C1,2020:C1,13.335497440000001
2019:C1,2020:C10,1.9229120000000002
2019:C1,2020:C13,2.8757978
2019:C1,2020:C17,2.1813310599999998
2019:C1,2020:C2,4.4426739
2019:C1,2020:C26,2.18386263
2019:C1,2020:C4,1.5952385
2019:C1,2020:C46,2.3729636899999997
2019:C1,2020:C48,2.01817906
2019:C1,2020:C5,3.28262753
2019:C1,2020:C53,1.3019393400000001
2019:C1,2020:C7,2.04421354
2019:C1,2020:C8,1.56215367
2019:C1,2020:C83,0.6264324
2019:C1,2020:C9,1.65949097
2019:C18,2020:C0,7.3094014000000005
2019:C18,2020:C1,3.2884467
2019:C18,2020:C17,0.7545197
2019:C18,2020:C2,2.1174232699999997
2019:C18,2020:C4,0.7265983
2019:C18,2020:C48,0.6944927
2019:C18,2020:C5,0.81933635
2019:C18,2020:C8,0.7546612
2019:C18,2020:C83,1.0000001
2019:C18,2020:C9,0.7465952
2019:C19,2020:C0,9.447719020000001
2019:C19,2020:C1,2.3729636899999997
2019:C19,2020:C10,0.75548905
2019:C19,2020:C13,0.7959138
2019:C19,2020:C17,0.72825116
2019:C19,2020:C2,1.4599098000000001
2019:C19,2020:C26,0.83830345
2019:C19,2020:C46,1.0
2019:C19,2020:C5,0.7370379
2019:C19,2020:C53,0.74299014
2019:C19,2020:C7,0.6496115
2019:C2,2020:C0,22.76702165
2019:C2,2020:C1,8.50104918
2019:C2,2020:C10,0.75316656
2019:C2,2020:C13,0.77374196
2019:C2,2020:C17,0.7938063
2019:C2,2020:C2,2.43334445
2019:C2,2020:C26,0.8236929
2019:C2,2020:C4,1.4474157
2019:C2,2020:C46,0.8369871
2019:C2,2020:C48,1.7933994000000002
2019:C2,2020:C5,1.6316155
2019:C2,2020:C53,0.6459111
2019:C2,2020:C7,0.7556411
2019:C2,2020:C8,1.49172293
2019:C2,2020:C83,0.656
2019:C2,2020:C9,1.4660229
2019:C22,2020:C0,7.29435982
2019:C22,2020:C1,2.20794832
2019:C22,2020:C10,0.6543852
2019:C22,2020:C13,0.6486207
2019:C22,2020:C17,0.7080027
2019:C22,2020:C2,1.4003878
2019:C22,2020:C26,0.66844344
2019:C22,2020:C46,0.73477614
2019:C22,2020:C5,0.63135743
2019:C22,2020:C53,0.7144395
2019:C22,2020:C7,0.74803877
2019:C22,2020:C83,0.61920583
2019:C23,2020:C0,4.07471891
2019:C23,2020:C1,1.3019393400000001
2019:C23,2020:C10,0.77263033
2019:C23,2020:C13,0.6531334
2019:C23,2020:C17,0.6114302
2019:C23,2020:C2,0.6459111
2019:C23,2020:C26,0.6899841
2019:C23,2020:C46,0.74299014
2019:C23,2020:C5,0.6750846
2019:C23,2020:C53,1.0000001
2019:C23,2020:C7,0.6140014
2019:C3,2020:C0,20.21484082
2019:C3,2020:C1,6.65601497
2019:C3,2020:C10,1.4232356
2019:C3,2020:C13,1.67990764
2019:C3,2020:C17,1.30958316
2019:C3,2020:C2,1.65682076
2019:C3,2020:C26,1.58112096
2019:C3,2020:C4,0.73036325
2019:C3,2020:C46,1.5329518
2019:C3,2020:C48,0.7485367
2019:C3,2020:C5,1.67990754
2019:C3,2020:C53,1.3282180000000001
2019:C3,2020:C7,0.6488048
2019:C3,2020:C8,0.7047286
2019:C3,2020:C9,0.6896176
2019:C39,2020:C0,4.8537315
2019:C39,2020:C1,3.46099275
2019:C39,2020:C13,0.7419362
2019:C39,2020:C2,0.6982218
2019:C39,2020:C4,0.83617437
2019:C39,2020:C48,0.62072325
2019:C39,2020:C5,0.6268391
2019:C39,2020:C8,0.7189502
2019:C39,2020:C9,0.77967983
2019:C4,2020:C0,4.93559763
2019:C4,2020:C1,3.3119903
2019:C4,2020:C2,0.7300149
2019:C4,2020:C4,1.0
2019:C4,2020:C48,0.7174007
2019:C4,2020:C5,0.73036325
2019:C4,2020:C8,0.76617336
2019:C4,2020:C9,0.7960642
2019:C44,2020:C0,2.0885661
2019:C44,2020:C1,1.60496875
2019:C44,2020:C13,0.9999999
2019:C44,2020:C9,0.6882435
2019:C47,2020:C0,8.326284170000001
2019:C47,2020:C1,2.21082485
2019:C47,2020:C13,0.743425
2019:C47,2020:C17,0.64335495
2019:C47,2020:C2,0.79146075
2019:C47,2020:C26,0.79527056
2019:C47,2020:C46,0.672602
2019:C47,2020:C53,0.60703325
2019:C47,2020:C7,0.64409447
2019:C49,2020:C0,4.0165101100000005
2019:C49,2020:C1,2.54168468
2019:C49,2020:C10,0.6008721
2019:C49,2020:C17,0.60076094
2019:C49,2020:C2,0.73377585
2019:C49,2020:C4,0.88057727
2019:C49,2020:C48,0.60570747
2019:C49,2020:C5,0.7337831
2019:C49,2020:C9,0.6099495
2019:C5,2020:C0,8.49933252
2019:C5,2020:C1,2.782092
2019:C5,2020:C10,0.61778367
2019:C5,2020:C13,0.6219275
2019:C5,2020:C17,0.99999994
2019:C5,2020:C2,0.7938063
2019:C5,2020:C26,0.63778454
2019:C5,2020:C46,0.72825116
2019:C5,2020:C5,0.6876556
2019:C5,2020:C53,0.6114302
2019:C5,2020:C7,0.64516103
2019:C59,2020:C0,5.3958788
2019:C59,2020:C1,2.71948586
2019:C59,2020:C10,0.62724817
2019:C59,2020:C17,0.7425643
2019:C59,2020:C2,1.4944422
2019:C59,2020:C46,0.73840594
2019:C59,2020:C5,0.6243328
2019:C59,2020:C83,0.62775916
2019:C6,2020:C0,13.8782386
2019:C6,2020:C1,3.59223071
2019:C6,2020:C10,0.6427107
2019:C6,2020:C13,0.7146312
2019:C6,2020:C17,0.67040396
2019:C6,2020:C2,0.92417616
2019:C6,2020:C26,0.780904
2019:C6,2020:C4,0.7039194
2019:C6,2020:C46,0.72750705
2019:C6,2020:C48,0.839202
2019:C6,2020:C5,0.88619936
2019:C6,2020:C7,0.6544606
2019:C6,2020:C8,0.7311424
2019:C6,2020:C9,0.6682739
2019:C65,2020:C0,6.24832756
2019:C65,2020:C1,2.3094438
2019:C65,2020:C2,0.76169026
2019:C65,2020:C4,0.76299417
2019:C65,2020:C48,0.8012641
2019:C65,2020:C5,0.67746246
2019:C65,2020:C8,0.88458514
2019:C65,2020:C9,0.9300589
2019:C7,2020:C0,5.4698968
2019:C7,2020:C1,2.04421354
2019:C7,2020:C10,0.60602015
2019:C7,2020:C17,0.64516103
2019:C7,2020:C2,0.7556411
2019:C7,2020:C26,0.64178824
2019:C7,2020:C46,0.6496115
2019:C7,2020:C5,0.6488048
2019:C7,2020:C53,0.6140014
2019:C7,2020:C7,1.0000002
2019:C79,2020:C0,5.9573398
2019:C79,2020:C1,1.9320379
2019:C79,2020:C17,0.86752594
2019:C79,2020:C2,0.7292944
2019:C79,2020:C5,0.72828406
2019:C8,2020:C0,6.09385896
2019:C8,2020:C1,2.28110387
2019:C8,2020:C2,0.7706623
2019:C8,2020:C4,0.76617336
2019:C8,2020:C48,0.72106063
2019:C8,2020:C5,0.7047286
2019:C8,2020:C8,0.9999999
2019:C8,2020:C9,0.92760766
2019:C80,2020:C0,9.69804382
2019:C80,2020:C1,2.18386263
2019:C80,2020:C10,0.70334935
2019:C80,2020:C13,0.8678709
2019:C80,2020:C17,0.63778454
2019:C80,2020:C2,0.8236929
2019:C80,2020:C26,0.9999998
2019:C80,2020:C46,0.83830345
2019:C80,2020:C5,0.71325016
2019:C80,2020:C53,0.6899841
2019:C80,2020:C7,0.64178824
2019:C9,2020:C0,6.03937626
2019:C9,2020:C1,3.04912043
2019:C9,2020:C13,0.6882435
2019:C9,2020:C2,0.7501971
2019:C9,2020:C4,0.79606414
2019:C9,2020:C48,0.7158258
2019:C9,2020:C5,0.6896176
2019:C9,2020:C8,0.92760766
2019:C9,2020:C9,1.0000001
